event_id,city,site_id,timestamp,received_at,health_agency,evaluation_period,cohort_group_id,cohort_age_range,cohort_gender,record_type,indicator,value,unit,interpretation
f3149dc2-70fd-45ab-a6f4-f27bd0b87c50,oslo,site-oslo-akerselva-01,2026-10-01T00:00:00Z,2026-10-01T08:00:00Z,Oslo_Public_Health_Unit,2026-01-01_to_2026-09-30,group-oslo-riverside-adults,18-64,all,risk_score,fecal_contamination_risk,0.318,,MODERATE
f3149dc2-70fd-45ab-a6f4-f27bd0b87c50,oslo,site-oslo-akerselva-01,2026-10-01T00:00:00Z,2026-10-01T08:00:00Z,Oslo_Public_Health_Unit,2026-01-01_to_2026-09-30,group-oslo-riverside-adults,18-64,all,risk_score,pathogen_risk,0.204,,LOW
f3149dc2-70fd-45ab-a6f4-f27bd0b87c50,oslo,site-oslo-akerselva-01,2026-10-01T00:00:00Z,2026-10-01T08:00:00Z,Oslo_Public_Health_Unit,2026-01-01_to_2026-09-30,group-oslo-riverside-adults,18-64,all,risk_score,arg_risk,0.271,,MODERATE
f3149dc2-70fd-45ab-a6f4-f27bd0b87c50,oslo,site-oslo-akerselva-01,2026-10-01T00:00:00Z,2026-10-01T08:00:00Z,Oslo_Public_Health_Unit,2026-01-01_to_2026-09-30,group-oslo-riverside-adults,18-64,all,risk_score,overall_health_risk_score,0.264,,MODERATE
f3149dc2-70fd-45ab-a6f4-f27bd0b87c50,oslo,site-oslo-akerselva-01,2026-10-01T00:00:00Z,2026-10-01T08:00:00Z,Oslo_Public_Health_Unit,2026-01-01_to_2026-09-30,group-oslo-riverside-adults,18-64,all,chemical_summary,nitrate,4.8,mg/L,
2b91976f-93ea-4ca0-b0cf-38d514afe0b2,ghent,site-ghent-leie-02,2026-10-01T00:00:00Z,2026-10-01T08:15:00Z,Ghent_Health_Observatory,2026-01-01_to_2026-09-30,group-ghent-adults,18-64,all,risk_score,fecal_contamination_risk,0.582,,HIGH
2b91976f-93ea-4ca0-b0cf-38d514afe0b2,ghent,site-ghent-leie-02,2026-10-01T00:00:00Z,2026-10-01T08:15:00Z,Ghent_Health_Observatory,2026-01-01_to_2026-09-30,group-ghent-adults,18-64,all,risk_score,pathogen_risk,0.446,,MODERATE
2b91976f-93ea-4ca0-b0cf-38d514afe0b2,ghent,site-ghent-leie-02,2026-10-01T00:00:00Z,2026-10-01T08:15:00Z,Ghent_Health_Observatory,2026-01-01_to_2026-09-30,group-ghent-adults,18-64,all,risk_score,arg_risk,0.351,,MODERATE
2b91976f-93ea-4ca0-b0cf-38d514afe0b2,ghent,site-ghent-leie-02,2026-10-01T00:00:00Z,2026-10-01T08:15:00Z,Ghent_Health_Observatory,2026-01-01_to_2026-09-30,group-ghent-adults,18-64,all,risk_score,overall_health_risk_score,0.462,,MODERATE
2b91976f-93ea-4ca0-b0cf-38d514afe0b2,ghent,site-ghent-leie-02,2026-10-01T00:00:00Z,2026-10-01T08:15:00Z,Ghent_Health_Observatory,2026-01-01_to_2026-09-30,group-ghent-adults,18-64,all,chemical_summary,nitrate,8.2,mg/L,
